year,diversity_group,n_papers,n_with_mutual,share_pct
1978,1,73685,392,0.5320
1978,2,66038,550,0.8329
1978,3,60229,546,0.9065
1978,4,47785,473,0.9899
1978,5,33505,428,1.2774
1978,6+,48617,727,1.4954
1979,1,77561,496,0.6395
1979,2,68639,548,0.7984
1979,3,63719,608,0.9542
1979,4,50393,613,1.2164
1979,5,35380,394,1.1136
1979,6+,52233,737,1.4110
1980,1,82368,483,0.5864
1980,2,74028,563,0.7605
1980,3,68609,629,0.9168
1980,4,54467,555,1.0190
1980,5,38468,474,1.2322
1980,6+,56017,849,1.5156
1981,1,85109,483,0.5675
1981,2,77334,599,0.7746
1981,3,71976,623,0.8656
1981,4,57384,603,1.0508
1981,5,41211,444,1.0774
1981,6+,60072,881,1.4666
1982,1,88104,506,0.5743
1982,2,79589,622,0.7815
1982,3,74288,707,0.9517
1982,4,59648,687,1.1518
1982,5,42624,482,1.1308
1982,6+,63963,911,1.4243
1983,1,92148,556,0.6034
1983,2,84825,670,0.7899
1983,3,78761,745,0.9459
1983,4,63116,677,1.0726
1983,5,44827,518,1.1556
1983,6+,67226,939,1.3968
1984,1,96455,574,0.5951
1984,2,89466,716,0.8003
1984,3,82636,735,0.8894
1984,4,66148,657,0.9932
1984,5,47664,514,1.0784
1984,6+,71649,974,1.3594
1985,1,99228,628,0.6329
1985,2,93808,769,0.8198
1985,3,86664,752,0.8677
1985,4,68992,697,1.0103
1985,5,49773,516,1.0367
1985,6+,73533,1063,1.4456
1986,1,103327,619,0.5991
1986,2,98967,787,0.7952
1986,3,91530,775,0.8467
1986,4,73344,777,1.0594
1986,5,52904,593,1.1209
1986,6+,78874,1112,1.4098
1987,1,110824,656,0.5919
1987,2,105139,780,0.7419
1987,3,96951,825,0.8509
1987,4,77653,745,0.9594
1987,5,55245,559,1.0119
1987,6+,81701,1058,1.2950
1988,1,117857,668,0.5668
1988,2,112857,820,0.7266
1988,3,103194,877,0.8499
1988,4,82529,835,1.0118
1988,5,58836,670,1.1388
1988,6+,86352,1263,1.4626
1989,1,121406,802,0.6606
1989,2,119384,883,0.7396
1989,3,109636,933,0.8510
1989,4,86828,835,0.9617
1989,5,62347,652,1.0458
1989,6+,91805,1277,1.3910
1990,1,128808,769,0.5970
1990,2,126430,993,0.7854
1990,3,116251,1041,0.8955
1990,4,92791,942,1.0152
1990,5,65672,748,1.1390
1990,6+,96394,1524,1.5810
1991,1,132608,825,0.6221
1991,2,133524,944,0.7070
1991,3,123081,1072,0.8710
1991,4,97780,958,0.9798
1991,5,69434,811,1.1680
1991,6+,100892,1447,1.4342
1992,1,138950,888,0.6391
1992,2,140234,1107,0.7894
1992,3,129216,1125,0.8706
1992,4,102392,1112,1.0860
1992,5,72522,855,1.1790
1992,6+,105323,1664,1.5799
1993,1,142222,922,0.6483
1993,2,144455,1083,0.7497
1993,3,131911,1156,0.8763
1993,4,103562,1086,1.0486
1993,5,72484,795,1.0968
1993,6+,103612,1562,1.5075
1994,1,146001,953,0.6527
1994,2,148656,1232,0.8288
1994,3,136699,1300,0.9510
1994,4,108352,1177,1.0863
1994,5,76097,883,1.1604
1994,6+,109898,1816,1.6524
1995,1,151644,1072,0.7069
1995,2,154935,1264,0.8158
1995,3,144181,1403,0.9731
1995,4,114078,1306,1.1448
1995,5,79926,1038,1.2987
1995,6+,117084,1971,1.6834
1996,1,165018,1082,0.6557
1996,2,166921,1340,0.8028
1996,3,154333,1511,0.9791
1996,4,121939,1358,1.1137
1996,5,86602,1027,1.1859
1996,6+,128733,1995,1.5497
1997,1,172654,1222,0.7078
1997,2,177544,1367,0.7699
1997,3,166294,1582,0.9513
1997,4,130483,1427,1.0936
1997,5,91935,1174,1.2770
1997,6+,134865,2247,1.6661
1998,1,186616,1404,0.7523
1998,2,190557,1586,0.8323
1998,3,178002,1821,1.0230
1998,4,138829,1580,1.1381
1998,5,97398,1216,1.2485
1998,6+,142499,2399,1.6835
1999,1,193362,1337,0.6914
1999,2,202783,1792,0.8837
1999,3,188897,2057,1.0890
1999,4,148610,1850,1.2449
1999,5,103539,1422,1.3734
1999,6+,151350,2734,1.8064
2000,1,231789,1505,0.6493
2000,2,229271,1988,0.8671
2000,3,211112,2367,1.1212
2000,4,165584,2160,1.3045
2000,5,114339,1597,1.3967
2000,6+,173670,3240,1.8656
2001,1,227467,1729,0.7601
2001,2,238207,2206,0.9261
2001,3,219490,2680,1.2210
2001,4,170022,2333,1.3722
2001,5,118390,1910,1.6133
2001,6+,177190,3473,1.9600
2002,1,342595,2395,0.6991
2002,2,359932,3081,0.8560
2002,3,285101,3366,1.1806
2002,4,202912,2797,1.3784
2002,5,135038,2123,1.5722
2002,6+,198334,4015,2.0244
2003,1,315178,2307,0.7320
2003,2,332578,3023,0.9090
2003,3,284581,3461,1.2162
2003,4,212449,3115,1.4662
2003,5,146069,2411,1.6506
2003,6+,222985,4782,2.1445
2004,1,333323,2572,0.7716
2004,2,338198,2993,0.8850
2004,3,295793,3614,1.2218
2004,4,223003,3243,1.4542
2004,5,154308,2515,1.6299
2004,6+,239888,5030,2.0968
2005,1,392244,2638,0.6725
2005,2,385897,3357,0.8699
2005,3,333478,3948,1.1839
2005,4,250055,3549,1.4193
2005,5,172365,2778,1.6117
2005,6+,272257,5764,2.1171
2006,1,419015,2928,0.6988
2006,2,418701,3604,0.8608
2006,3,356817,4139,1.1600
2006,4,269175,3821,1.4195
2006,5,188685,3250,1.7224
2006,6+,299287,6556,2.1905
2007,1,420602,2796,0.6648
2007,2,431364,3701,0.8580
2007,3,374261,4277,1.1428
2007,4,285750,4033,1.4114
2007,5,202616,3408,1.6820
2007,6+,327821,7208,2.1988
2008,1,472808,3811,0.8060
2008,2,466000,4186,0.8983
2008,3,403679,4864,1.2049
2008,4,308854,4446,1.4395
2008,5,218455,3756,1.7193
2008,6+,356717,8128,2.2786
2009,1,481733,3075,0.6383
2009,2,500268,4268,0.8531
2009,3,433142,4958,1.1447
2009,4,331107,4700,1.4195
2009,5,236763,3998,1.6886
2009,6+,394399,8716,2.2099
2010,1,527396,2929,0.5554
2010,2,534885,4249,0.7944
2010,3,462596,4933,1.0664
2010,4,357691,4791,1.3394
2010,5,256989,4127,1.6059
2010,6+,432334,9396,2.1733
2011,1,548425,2962,0.5401
2011,2,576997,4337,0.7517
2011,3,501956,5281,1.0521
2011,4,389633,4955,1.2717
2011,5,282628,4369,1.5458
2011,6+,485343,10268,2.1156
2012,1,592469,2999,0.5062
2012,2,608324,4455,0.7323
2012,3,533052,5236,0.9823
2012,4,418034,5378,1.2865
2012,5,306975,4515,1.4708
2012,6+,534095,10776,2.0176
2013,1,637894,3262,0.5114
2013,2,647480,4620,0.7135
2013,3,569393,5397,0.9479
2013,4,449209,5316,1.1834
2013,5,330943,4653,1.4060
2013,6+,578599,10710,1.8510
2014,1,664416,3307,0.4977
2014,2,681259,4428,0.6500
2014,3,602685,5192,0.8615
2014,4,477648,5056,1.0585
2014,5,354803,4302,1.2125
2014,6+,628846,10227,1.6263
2015,1,659998,2962,0.4488
2015,2,684930,3943,0.5757
2015,3,607925,4622,0.7603
2015,4,486117,4292,0.8829
2015,5,362168,3730,1.0299
2015,6+,648866,8738,1.3467
2016,1,663325,2618,0.3947
2016,2,679986,3913,0.5755
2016,3,609396,4395,0.7212
2016,4,490331,4042,0.8243
2016,5,366524,3336,0.9102
2016,6+,664572,7215,1.0857
2017,1,681871,2993,0.4389
2017,2,692348,4435,0.6406
2017,3,624974,5305,0.8488
2017,4,505415,5085,1.0061
2017,5,381319,4201,1.1017
2017,6+,698637,9053,1.2958
2018,1,717542,3891,0.5423
2018,2,739518,5976,0.8081
2018,3,666277,7316,1.0980
2018,4,541746,7046,1.3006
2018,5,411997,6093,1.4789
2018,6+,762572,13375,1.7539
2019,1,748366,4079,0.5451
2019,2,785145,6923,0.8817
2019,3,713560,9028,1.2652
2019,4,588312,9485,1.6122
2019,5,453148,8057,1.7780
2019,6+,875522,18551,2.1189
2020,1,822804,2655,0.3227
2020,2,870022,4386,0.5041
2020,3,808139,5619,0.6953
2020,4,680403,5682,0.8351
2020,5,533435,4835,0.9064
2020,6+,1068483,11754,1.1001
2021,1,793685,1069,0.1347
2021,2,899825,1797,0.1997
2021,3,857493,2181,0.2543
2021,4,739279,2216,0.2998
2021,5,591043,1941,0.3284
2021,6+,1243445,4853,0.3903
2022,1,757627,807,0.1065
2022,2,894737,1414,0.1580
2022,3,863272,1717,0.1989
2022,4,744910,1753,0.2353
2022,5,598444,1521,0.2542
2022,6+,1218000,3651,0.2998
2023,1,809586,790,0.0976
2023,2,951121,1215,0.1277
2023,3,912296,1491,0.1634
2023,4,783409,1483,0.1893
2023,5,626132,1218,0.1945
2023,6+,1293809,3150,0.2435
